Tweet,Tweet_DeÄŸiÅŸtirilmiÅŸ
@podoss35 Valla cem niye hiÃ§ dÃ¼ÅŸÃ¼nmedim,@podoss35 Valla cem niye hiÃ§ dÃ¼ÅŸÃ¼nmedim
@cemkucuk55 Cem kÃ¼Ã§Ã¼k zam bÃ¼yÃ¼k,@cemkucuk55 Cem kÃ¼Ã§Ã¼k zam bÃ¼yÃ¼k
@kornerresmi @kartalanalizcom Panasonic reklamlarin da Ã§Ä±kan kel Cem YÄ±lmaz gibi,@kornerresmi @kartalanalizcom Panasonic reklamlarin da Ã§Ä±kan kel Cem YÄ±lmaz gibi
@cemkucuk55 HayÄ±rdÄ±r kÃ¼Ã§Ã¼k cem ayÄ±ktÄ±rdÄ±n mÄ± yoksa???,@cemkucuk55 HayÄ±rdÄ±r kÃ¼Ã§Ã¼k cem ayÄ±ktÄ±rdÄ±n mÄ± yoksa???
"@brkn_yvz @umutcilbas eskiden Azimut yazan yerde, Cem Okullu yazÄ±yordu, diye hatÄ±rlÄ±yorum :) belki de Sokullu, Azimâ€¦ https://t.co/SgYKiT6URr","@brkn_yvz @umutcilbas eskiden Azimut yazan yerde, Cem Okullu yazÄ±yordu, diye hatÄ±rlÄ±yorum :) belki de Sokullu, Azimâ€¦ https://t.co/SgYKiT6URr"
@bmel @cem_oezdemir stabil Cem,@bmel @cem_oezdemir stabil Cem
@cem_iler @BirGun_Gazetesi Diyorlar zaten,@cem_iler @BirGun_Gazetesi Diyorlar zaten
"Cem adrian-Ben seni Ã§ok sevdim Ã§alamazsÄ±nÄ±z ya bunu yapamazsÄ±nÄ±zğŸ¥ºÃ‡ok kÃ¶tÃ¼yÃ¼m gerÃ§ekten ğŸ¥€

#BanaYalanSÃ¶ylediniz https://t.co/Tmv4XcjZjw","Cem adrian-Ben seni Ã§ok sevdim Ã§alamazsÄ±nÄ±z ya bunu yapamazsÄ±nÄ±zğŸ¥ºÃ‡ok kÃ¶tÃ¼yÃ¼m gerÃ§ekten ğŸ¥€

#BanaYalanSÃ¶ylediniz https://t.co/Tmv4XcjZjw"
"@songurulus Bir tahtada yÃ¼klÃ¼ alÄ±m ya da satÄ±m yapacaÄŸÄ±nÄ±z zaman, nasÄ±l bir yaklaÅŸÄ±m/ algoritma ile iÅŸlem yapÄ±yorsunuz?","@songurulus Bir tahtada yÃ¼klÃ¼ alÄ±m ya da satÄ±m yapacaÄŸÄ±nÄ±z zaman, nasÄ±l bir yaklaÅŸÄ±m/ algoritma ile iÅŸlem yapÄ±yorsunuz?"
"@songurulus Fibo Ã§ekerken max ve mim nokta kriterini nasÄ±l belirliyorsunuz? Hangi gÃ¶stergeleri, onlarÄ±n parametreleâ€¦ https://t.co/iKrATYlrMh","@songurulus Fibo Ã§ekerken max ve mim nokta kriterini nasÄ±l belirliyorsunuz? Hangi gÃ¶stergeleri, onlarÄ±n parametreleâ€¦ https://t.co/iKrATYlrMh"
"â€œBu 
Alem
Cumartesiâ€de
Pazarâ€da
Cumaâ€da
Anne RAHMiâ€ne
DÃœÅen 
NESÄ°Ler 
GÃ–Râ€dÃ¼
BiLki 
KiYAM 
CUMAâ€yi CEM Eden  NESiLe
NASÄ°P OLmuÅŸturâ€¦(!)","â€œBu 
Alem
Cumartesiâ€de
Pazarâ€da
Cumaâ€da
Anne RAHMiâ€ne
DÃœÅen 
NESÄ°Ler 
GÃ–Râ€dÃ¼
BiLki 
KiYAM 
CUMAâ€yi CEM Eden  NESiLe
NASÄ°P OLmuÅŸturâ€¦(!)"
"CEM /PERÅEMBE 
DÃ¶ktÃ¼ÄŸÃ¼nÃ¼z varsa doldurun,
aÄŸlattÄ±ÄŸÄ±nÄ±z varsa gÃ¼ldÃ¼rÃ¼n,
yÄ±ktÄ±ÄŸÄ±nÄ±z varsa kaldÄ±rÄ±n""
Denir Bizim Cemleâ€¦ https://t.co/sXRjOMVGhp","CEM /PERÅEMBE 
DÃ¶ktÃ¼ÄŸÃ¼nÃ¼z varsa doldurun,
aÄŸlattÄ±ÄŸÄ±nÄ±z varsa gÃ¼ldÃ¼rÃ¼n,
yÄ±ktÄ±ÄŸÄ±nÄ±z varsa kaldÄ±rÄ±n""
Denir Bizim Cemleâ€¦ https://t.co/sXRjOMVGhp"
@rnaeye @say_cem @LutfuTurkkan Isvec danimarka Gibi avrupa ulkelerinde zorunlu degildi Astra asisi avrupada toplatiâ€¦ https://t.co/JZUMQNJY63,@rnaeye @say_cem @LutfuTurkkan Isvec danimarka Gibi avrupa ulkelerinde zorunlu degildi Astra asisi avrupada toplatiâ€¦ https://t.co/JZUMQNJY63
@rnaeye @say_cem @LutfuTurkkan Illa olum olmasi gerekmiyor burada asinin yan etkilerinden verdigi zararlardan soz eâ€¦ https://t.co/jadQooN5qw,@rnaeye @say_cem @LutfuTurkkan Illa olum olmasi gerekmiyor burada asinin yan etkilerinden verdigi zararlardan soz eâ€¦ https://t.co/jadQooN5qw
@cemkucuk55 Aaaa Ã§ok ayÄ±p CEM Ã§ok ayÄ±p.Bu muhalefet varya zamlarÄ± hep onlar yapÄ±yor..Bir ara sizinkiler Allah yapÄ±yâ€¦ https://t.co/FjsRudnRvN,@cemkucuk55 Aaaa Ã§ok ayÄ±p CEM Ã§ok ayÄ±p.Bu muhalefet varya zamlarÄ± hep onlar yapÄ±yor..Bir ara sizinkiler Allah yapÄ±yâ€¦ https://t.co/FjsRudnRvN
@cemkucuk55 Cem kÃ¼Ã§Ã¼k kafana taÅŸ mÄ± dÃ¼ÅŸtÃ¼?,@cemkucuk55 Cem kÃ¼Ã§Ã¼k kafana taÅŸ mÄ± dÃ¼ÅŸtÃ¼?
"HerÅŸeye okeyimde, SongÃ¼l bÃ¼tÃ¼n gÃ¼n aÄŸlayÄ±p, akÅŸamda Sadi'ye gelip, Nejla'nÄ±n Cem'e dediÄŸi gibi 'gidecek yerim yok dâ€¦ https://t.co/CJnIMZbRik","HerÅŸeye okeyimde, SongÃ¼l bÃ¼tÃ¼n gÃ¼n aÄŸlayÄ±p, akÅŸamda Sadi'ye gelip, Nejla'nÄ±n Cem'e dediÄŸi gibi 'gidecek yerim yok dâ€¦ https://t.co/CJnIMZbRik"
@say_cem Hocam Ã¶ÄŸretmenler gÃ¼nÃ¼nÃ¼z kutlu olsun ğŸ’ğŸ’ğŸ’,@say_cem Hocam Ã¶ÄŸretmenler gÃ¼nÃ¼nÃ¼z kutlu olsun ğŸ’ğŸ’ğŸ’
@amerikabulteni OrtadoÄŸuluâ€™laron anlayamayacaÄŸÄ± ÅŸeylerde bugÃ¼n,@amerikabulteni OrtadoÄŸuluâ€™laron anlayamayacaÄŸÄ± ÅŸeylerde bugÃ¼n
@cemkucuk55 Ne oldu kÃ¼Ã§Ã¼k cem sana da mÄ± dokunmaya baÅŸladÄ±?,@cemkucuk55 Ne oldu kÃ¼Ã§Ã¼k cem sana da mÄ± dokunmaya baÅŸladÄ±?
"@cemkucuk55 cem amca. ekonomi bilimen aykiri, tamamiyla hurafe, dine, anayasaya aykiri bir idari tasarrufa neden muhalefet etmedin?","@cemkucuk55 cem amca. ekonomi bilimen aykiri, tamamiyla hurafe, dine, anayasaya aykiri bir idari tasarrufa neden muhalefet etmedin?"
"N'oldu kÃ¼Ã§Ã§Ã¼k Cem.
HayÄ±rdÄ±r! https://t.co/CwhJh8kKq9","N'oldu kÃ¼Ã§Ã§Ã¼k Cem.
HayÄ±rdÄ±r! https://t.co/CwhJh8kKq9"
@hizlisayar @hallettims @teomankiziltas ğŸ‘ğŸ» 2006 altÄ±ya kadar baba evinde ne aÃ§Ä±ksa onu izlerdim. Evlendikten sonraâ€¦ https://t.co/Ji5ry5YKAh,@hizlisayar @hallettims @teomankiziltas ğŸ‘ğŸ» 2006 altÄ±ya kadar baba evinde ne aÃ§Ä±ksa onu izlerdim. Evlendikten sonraâ€¦ https://t.co/Ji5ry5YKAh
@Cem_Gunes En azindan konstruksiyonu degilmi hocam ?,@Cem_Gunes En azindan konstruksiyonu degilmi hocam ?
"@0zlemylmz_ DÃ¼nya Ã§ok hÄ±zlÄ± ÅŸekilde globalleÅŸiyor, buna ayak uydurun, sikayet etmekle hiÃ§ bir yere varamazsÄ±nÄ±z. Ä°nâ€¦ https://t.co/JGR2wXGjUi","@0zlemylmz_ DÃ¼nya Ã§ok hÄ±zlÄ± ÅŸekilde globalleÅŸiyor, buna ayak uydurun, sikayet etmekle hiÃ§ bir yere varamazsÄ±nÄ±z. Ä°nâ€¦ https://t.co/JGR2wXGjUi"
"@eczmsturkmen @10koymuhtari @GaroPaylan Beyefendi, terÃ¶r saldÄ±rÄ±sÄ± oldu, vatandaÅŸlarÄ±mÄ±z Ã¶ldÃ¼ler. Bunun araÅŸtÄ±rlmasâ€¦ https://t.co/2XMRwoM7oB","@eczmsturkmen @10koymuhtari @GaroPaylan Beyefendi, terÃ¶r saldÄ±rÄ±sÄ± oldu, vatandaÅŸlarÄ±mÄ±z Ã¶ldÃ¼ler. Bunun araÅŸtÄ±rlmasâ€¦ https://t.co/2XMRwoM7oB"
"@cemkucuk55 Bismillah.. Cem'cigim kafa bÃ¶lgesindeki bazÄ± uzuvlarÄ±na oksijen gitmeye baÅŸladÄ± galiba. 
Allah ÅŸifanÄ± daim etsin.","@cemkucuk55 Bismillah.. Cem'cigim kafa bÃ¶lgesindeki bazÄ± uzuvlarÄ±na oksijen gitmeye baÅŸladÄ± galiba. 
Allah ÅŸifanÄ± daim etsin."
Filminin Ã§ekilmesi iÃ§in Grammy Ã¶dÃ¼lÃ¼ almasÄ± mÄ± gerekiyordu?  sesi Cem Baba'nÄ±n sesine benziyor baÅŸka numarasÄ± yok dâ€¦ https://t.co/tD9alnQdFi,Filminin Ã§ekilmesi iÃ§in Grammy Ã¶dÃ¼lÃ¼ almasÄ± mÄ± gerekiyordu?  sesi Cem Baba'nÄ±n sesine benziyor baÅŸka numarasÄ± yok dâ€¦ https://t.co/tD9alnQdFi
"@cemkucuk55 ALKIÅ. UCUYORUZ. CEM BABA ANAMIZI AGLATANLARA CANAK.TUTMAYA DEVAM ET 

YAZIKLAR OLSUN HEPINIZE.","@cemkucuk55 ALKIÅ. UCUYORUZ. CEM BABA ANAMIZI AGLATANLARA CANAK.TUTMAYA DEVAM ET 

YAZIKLAR OLSUN HEPINIZE."
@tedaselectricas @CMYLMZ KardeÅŸim sana kÃ¶tÃ¼ bir haberim var cem yÄ±lmaz bu videoyu izlerse sen bi daha insan iÃ§ine Ã§Ä±kamazsÄ±n ğŸ˜‚,@tedaselectricas @CMYLMZ KardeÅŸim sana kÃ¶tÃ¼ bir haberim var cem yÄ±lmaz bu videoyu izlerse sen bi daha insan iÃ§ine Ã§Ä±kamazsÄ±n ğŸ˜‚
"@AngaraBeybi81 Eskiden bÃ¶yle deÄŸildi, korumalarÄ± ''Clubber'' Cem'in maceralarÄ±ndan bÄ±kmÄ±ÅŸtÄ±.","@AngaraBeybi81 Eskiden bÃ¶yle deÄŸildi, korumalarÄ± ''Clubber'' Cem'in maceralarÄ±ndan bÄ±kmÄ±ÅŸtÄ±."
"@cemkucuk55 Demek devleti idare edenler bizi kandÄ±rÄ±yor.

Yani resmi enflasyon fiiliyatta %123.

TeÅŸekkÃ¼rler Cem buâ€¦ https://t.co/7JVFvjybZA","@cemkucuk55 Demek devleti idare edenler bizi kandÄ±rÄ±yor.

Yani resmi enflasyon fiiliyatta %123.

TeÅŸekkÃ¼rler Cem buâ€¦ https://t.co/7JVFvjybZA"
Cem Adrian &amp; Ceylan Ertem - Bu Gece Uyut Beni (Official Audio) https://t.co/4AnfsDLICv via @YouTube,Cem Adrian &amp; Ceylan Ertem - Bu Gece Uyut Beni (Official Audio) https://t.co/4AnfsDLICv via @YouTube
"Devlet BahÃ§eli 2019â€™da : ""Cem YÄ±lmaz'Ä± bundan sonra sevemem"" demiÅŸtiğŸ˜‰","Devlet BahÃ§eli 2019â€™da : ""Cem YÄ±lmaz'Ä± bundan sonra sevemem"" demiÅŸtiğŸ˜‰"
@burakthefourth @HakanAy35609870 @KeskinArif @say_cem Neyine saygÄ± bu ÅŸerefsizlerin? Ãœlkelerini soyup bir de sarÄ±kâ€¦ https://t.co/2ampiyquOD,@burakthefourth @HakanAy35609870 @KeskinArif @say_cem Neyine saygÄ± bu ÅŸerefsizlerin? Ãœlkelerini soyup bir de sarÄ±kâ€¦ https://t.co/2ampiyquOD
@yalamaz_am soyle bi olay bekliyoruz cem agabeyden https://t.co/sgLDOactaL,@yalamaz_am soyle bi olay bekliyoruz cem agabeyden https://t.co/sgLDOactaL
@Leyla52586806 Sizin orda Cem evi var mÄ± diye dusundum ;)),@Leyla52586806 Sizin orda Cem evi var mÄ± diye dusundum ;))
@KimDotcom @elonmusk @say_cem hocam ? 3 tane Pfizer oldum. Gider miyiz aniden ?,@KimDotcom @elonmusk @say_cem hocam ? 3 tane Pfizer oldum. Gider miyiz aniden ?
Turk hakemlerinden ve VARâ€™dan daha kotu tek grup Qatar dunya kupasi hakemleri ve VARâ€¦,Turk hakemlerinden ve VARâ€™dan daha kotu tek grup Qatar dunya kupasi hakemleri ve VARâ€¦
"@DrGunerSonmez https://t.co/uwwcTrrH3J

Bu da gÃ¼zel bir uygulamaymÄ±ÅŸ.","@DrGunerSonmez https://t.co/uwwcTrrH3J

Bu da gÃ¼zel bir uygulamaymÄ±ÅŸ."
BarÄ±ÅŸ ManÃ§o ve Cem Karaca Check out this item on OpenSea https://t.co/vh6ZQcHu03 via @opensea,BarÄ±ÅŸ ManÃ§o ve Cem Karaca Check out this item on OpenSea https://t.co/vh6ZQcHu03 via @opensea
@Darkwebhaber Komedyen olarak kendisini Ã§ok baÅŸarÄ±lÄ± buluyoruz. Cem YÄ±lmazâ€™Ä± koltuÄŸundan edebilir bence.,@Darkwebhaber Komedyen olarak kendisini Ã§ok baÅŸarÄ±lÄ± buluyoruz. Cem YÄ±lmazâ€™Ä± koltuÄŸundan edebilir bence.
"@tokcem Millet denedi Cem Bey sonuc: Ekrem Ä°mamoÄŸlu'nun reklama ayÄ±rdÄ±ÄŸÄ± bÃ¼tÃ§e 849 milyon, depreme ayÄ±rdÄ±ÄŸÄ± bÃ¼tÃ§e 4â€¦ https://t.co/GThEWagZIC","@tokcem Millet denedi Cem Bey sonuc: Ekrem Ä°mamoÄŸlu'nun reklama ayÄ±rdÄ±ÄŸÄ± bÃ¼tÃ§e 849 milyon, depreme ayÄ±rdÄ±ÄŸÄ± bÃ¼tÃ§e 4â€¦ https://t.co/GThEWagZIC"
@alimahir Sizin gibiler icin asla ve asla oyumun rengini degistirmem. Sizler milli ve vatansever olmadiktan sonra Yâ€¦ https://t.co/SjC8u68iXb,@alimahir Sizin gibiler icin asla ve asla oyumun rengini degistirmem. Sizler milli ve vatansever olmadiktan sonra Yâ€¦ https://t.co/SjC8u68iXb
"@BeMina27 Duymamak mÃ¼mkÃ¼n mÃ¼?

SanÄ±rsÄ±n Cem Karaca tamirci Ã§Ä±raÄŸÄ±nÄ± sÃ¶ylÃ¼yo","@BeMina27 Duymamak mÃ¼mkÃ¼n mÃ¼?

SanÄ±rsÄ±n Cem Karaca tamirci Ã§Ä±raÄŸÄ±nÄ± sÃ¶ylÃ¼yo"
@koyunhekimi Cem kÄ±rmÄ±zÄ± Ã§izgimizğŸ˜’,@koyunhekimi Cem kÄ±rmÄ±zÄ± Ã§izgimizğŸ˜’
@grigorzohrap hiÃ§ cem diye tanÄ±dÄ±ÄŸÄ±m olmadÄ± zaten,@grigorzohrap hiÃ§ cem diye tanÄ±dÄ±ÄŸÄ±m olmadÄ± zaten
"@grigorzohrap yanÄ±ndaki c harfi mi, cem sanki?","@grigorzohrap yanÄ±ndaki c harfi mi, cem sanki?"
@koyunhekimi Cemâ€™e de laf atmazsÄ±n yağŸ˜’,@koyunhekimi Cemâ€™e de laf atmazsÄ±n yağŸ˜’
@VobViop KÄ±rarsa yukarÄ± 10000,@VobViop KÄ±rarsa yukarÄ± 10000
"#trt1 dÃ¼nya kupasi iÃ§in yaptigi reklamda, kahvedeki seyircileri milli takim formasi giydirmisler...iyi'de katilamadâ€¦ https://t.co/8yUwiC5dZ5","#trt1 dÃ¼nya kupasi iÃ§in yaptigi reklamda, kahvedeki seyircileri milli takim formasi giydirmisler...iyi'de katilamadâ€¦ https://t.co/8yUwiC5dZ5"
@43_cem @EbabilHarekati Kimler kimlerden ne madalyalar aldÄ± bu memlekette. KraliÃ§eden Ã¶dÃ¼ller madalyalar alanlar ÅŸiâ€¦ https://t.co/xZVBYGgUKU,@43_cem @EbabilHarekati Kimler kimlerden ne madalyalar aldÄ± bu memlekette. KraliÃ§eden Ã¶dÃ¼ller madalyalar alanlar ÅŸiâ€¦ https://t.co/xZVBYGgUKU
@alpan_cem Ne mutlu.,@alpan_cem Ne mutlu.
"@pire_al Xemnake, dÃª dÃ®sa dubare bikim: xwedÃª ka Ã» ceh ji ser te Ã» axura te kÃªm neke, hey reweÅŸenhevÃ®r, hey nivÃ®sxwâ€¦ https://t.co/Z43Pg8CxyW","@pire_al Xemnake, dÃª dÃ®sa dubare bikim: xwedÃª ka Ã» ceh ji ser te Ã» axura te kÃªm neke, hey reweÅŸenhevÃ®r, hey nivÃ®sxwâ€¦ https://t.co/Z43Pg8CxyW"
"NasÄ±l olur ya, Londrada trafiÄŸi durdurup yolun ortasÄ±nda namaz kÄ±ldÄ±ÄŸÄ± iÃ§in tekme tokat dayak yiyen kuryeci bir arkâ€¦ https://t.co/aj3U2WIaPx","NasÄ±l olur ya, Londrada trafiÄŸi durdurup yolun ortasÄ±nda namaz kÄ±ldÄ±ÄŸÄ± iÃ§in tekme tokat dayak yiyen kuryeci bir arkâ€¦ https://t.co/aj3U2WIaPx"
@kripto_cem HastalÄ±k,@kripto_cem HastalÄ±k
"@biraneke @ankahabera Sene 2015, AKP-Cemaat kavgalÄ±, ama cem. akp'nin menfaatine iÅŸ yapmÄ±ÅŸ Ã¶yle mi??

HPG aÃ§Ä±klamasâ€¦ https://t.co/WxzFTDT0he","@biraneke @ankahabera Sene 2015, AKP-Cemaat kavgalÄ±, ama cem. akp'nin menfaatine iÅŸ yapmÄ±ÅŸ Ã¶yle mi??

HPG aÃ§Ä±klamasâ€¦ https://t.co/WxzFTDT0he"
@Commandante2121 olm etiket fln baÅŸlatalÄ±m Cem Uzan gÃ¶rsÃ¼n,@Commandante2121 olm etiket fln baÅŸlatalÄ±m Cem Uzan gÃ¶rsÃ¼n
tribÃ¼nlerde hala cem garipoÄŸlu ismi anÄ±lmasÄ± zaten Ã§ok bÃ¼yÃ¼k bir utanÃ§ https://t.co/pU6e7BC9En,tribÃ¼nlerde hala cem garipoÄŸlu ismi anÄ±lmasÄ± zaten Ã§ok bÃ¼yÃ¼k bir utanÃ§ https://t.co/pU6e7BC9En
@pin_trader 1000 olacak inÅŸallahğŸ§¿,@pin_trader 1000 olacak inÅŸallahğŸ§¿
"@DrGunerSonmez Bu uygulamayÄ± indirin:

https://t.co/cI5QBn28y3","@DrGunerSonmez Bu uygulamayÄ± indirin:

https://t.co/cI5QBn28y3"
"@jamessonuzan Bu yorum seni linÃ§lememe engel deÄŸil Cem, gÃ¶zden dÃ¼ÅŸtÃ¼n ğŸ¤­ğŸ¥²","@jamessonuzan Bu yorum seni linÃ§lememe engel deÄŸil Cem, gÃ¶zden dÃ¼ÅŸtÃ¼n ğŸ¤­ğŸ¥²"
@idyllicyoruks AYYY Ä°MDO AÄLICAMM CEM KARACAğŸ’,@idyllicyoruks AYYY Ä°MDO AÄLICAMM CEM KARACAğŸ’
@SportSantra Cem Uzan,@SportSantra Cem Uzan
"Cem bey, milletin ekseriyeti de aÃ§Ä±k, net ve samimi bir ÅŸekilde yanlÄ±ÅŸ yapan iktidarÄ± cezalandÄ±rÄ±p muhalefeti desteâ€¦ https://t.co/KdvHHjXNBf","Cem bey, milletin ekseriyeti de aÃ§Ä±k, net ve samimi bir ÅŸekilde yanlÄ±ÅŸ yapan iktidarÄ± cezalandÄ±rÄ±p muhalefeti desteâ€¦ https://t.co/KdvHHjXNBf"
"Cem Ã–zdemir ÅŸu anda Alman TV'de diyor ki: ""Bu Ã¼lke iÃ§in elimden geleni yapmaya Ã§alÄ±ÅŸÄ±yorum. Bakan olduÄŸum iÃ§in Ã§okâ€¦ https://t.co/7KoZet7RkO","Cem Ã–zdemir ÅŸu anda Alman TV'de diyor ki: ""Bu Ã¼lke iÃ§in elimden geleni yapmaya Ã§alÄ±ÅŸÄ±yorum. Bakan olduÄŸum iÃ§in Ã§okâ€¦ https://t.co/7KoZet7RkO"
@b_zicke @cem_oezdemir Ã–zdemir ğŸ‘ğŸ‘ğŸ‘ğŸ‘ğŸ‘,@b_zicke @cem_oezdemir Ã–zdemir ğŸ‘ğŸ‘ğŸ‘ğŸ‘ğŸ‘
Cem Kucuk namusuma diye fikirlerinin dogrulugunu savunuyor.Cem Kucuk ve namus dusunun artikğŸ¤”,Cem Kucuk namusuma diye fikirlerinin dogrulugunu savunuyor.Cem Kucuk ve namus dusunun artikğŸ¤”
@SportSantra getirse getirse zamanÄ±nda Jardeli nasÄ±l getirdi yine o getirir Cem Uzan :)),@SportSantra getirse getirse zamanÄ±nda Jardeli nasÄ±l getirdi yine o getirir Cem Uzan :))
@CMYLMZ Cem yÄ±lmazÄ±m biz alÄ±ÅŸtÄ±k bÃ¶yle it kopuk ÅŸikayetlere sende alÄ±ÅŸ seni Ã§ekemiyorlar baÅŸarÄ±nÄ± hasetliyorlar,@CMYLMZ Cem yÄ±lmazÄ±m biz alÄ±ÅŸtÄ±k bÃ¶yle it kopuk ÅŸikayetlere sende alÄ±ÅŸ seni Ã§ekemiyorlar baÅŸarÄ±nÄ± hasetliyorlar
@ibrahim___ethem Tek virmanla Cem AÄŸaya devredebilir mi? ğŸ« ,@ibrahim___ethem Tek virmanla Cem AÄŸaya devredebilir mi? ğŸ« 
Klage gegen Cem YÄ±lmaz wegen der Serie ErÅŸan Kuneri eingereicht https://t.co/y4Sx3IFMlf,Klage gegen Cem YÄ±lmaz wegen der Serie ErÅŸan Kuneri eingereicht https://t.co/y4Sx3IFMlf
"@ZAMajans Bu sene TÃ¼rkiye'de tatilde yanÄ±lmÄ±yorsam Fisko Birlik Nuga almÄ±ÅŸtÄ±m, gerÃ§ekten Nutella kadar lezzetliydi.â€¦ https://t.co/MCycNdMqxk","@ZAMajans Bu sene TÃ¼rkiye'de tatilde yanÄ±lmÄ±yorsam Fisko Birlik Nuga almÄ±ÅŸtÄ±m, gerÃ§ekten Nutella kadar lezzetliydi.â€¦ https://t.co/MCycNdMqxk"
@say_cem SaygÄ±yla SelamlÄ±yorum. ğŸŒ±ğŸ™,@say_cem SaygÄ±yla SelamlÄ±yorum. ğŸŒ±ğŸ™
"@fratavci1989 Rabbim isabet ettirsin,hakkÄ±n etrafÄ±nda cem olmayÄ± nasip eylesin. Amin","@fratavci1989 Rabbim isabet ettirsin,hakkÄ±n etrafÄ±nda cem olmayÄ± nasip eylesin. Amin"
@say_cem @LutfuTurkkan YakÄ±n Ã§evremizden sÃ¼rekli bÃ¶yle haberler duyar olduk sebebi ne olaki !!! Bu zamana kadar nedâ€¦ https://t.co/x1hMBiMx0U,@say_cem @LutfuTurkkan YakÄ±n Ã§evremizden sÃ¼rekli bÃ¶yle haberler duyar olduk sebebi ne olaki !!! Bu zamana kadar nedâ€¦ https://t.co/x1hMBiMx0U
@say_cem @LutfuTurkkan Tabi tabi aÅŸÄ±larÄ±n hiÃ§ bi zararÄ± yoktur!!!! Kalp zari iltihabi oldum sahsen sebebi asilar deâ€¦ https://t.co/HyXuo1w8Ek,@say_cem @LutfuTurkkan Tabi tabi aÅŸÄ±larÄ±n hiÃ§ bi zararÄ± yoktur!!!! Kalp zari iltihabi oldum sahsen sebebi asilar deâ€¦ https://t.co/HyXuo1w8Ek
@devJK25 Cem uzan &gt; fikret orman hyn,@devJK25 Cem uzan &gt; fikret orman hyn
@burcincigerim ğŸ¤£ğŸ¤£ğŸ¤£ğŸ¤£ sonu bi tik daha iyi olabilirdi ama devami gelir gibi,@burcincigerim ğŸ¤£ğŸ¤£ğŸ¤£ğŸ¤£ sonu bi tik daha iyi olabilirdi ama devami gelir gibi
@MSGuvenc @burcincigerim Benim tweetinden sonra maglubiyet kacinilmaz oldu tabiğŸ˜‚ğŸ˜‚,@MSGuvenc @burcincigerim Benim tweetinden sonra maglubiyet kacinilmaz oldu tabiğŸ˜‚ğŸ˜‚
"@CMYLMZ Cem bey, arkadaki deniz subayÄ± sizin bÃ¼yÃ¼k dedeniz olabilir mi?
:) https://t.co/F3IQjAvs7U","@CMYLMZ Cem bey, arkadaki deniz subayÄ± sizin bÃ¼yÃ¼k dedeniz olabilir mi?
:) https://t.co/F3IQjAvs7U"
"@ictasarimlar Gayet de ÅŸÄ±k olmuÅŸ.
KaÄŸÄ±t havluya takanlar Ã¶nce iÃ§tikleri suyun naylon ÅŸiÅŸesini denize oraya buraya aâ€¦ https://t.co/rkl6iCD5mc","@ictasarimlar Gayet de ÅŸÄ±k olmuÅŸ.
KaÄŸÄ±t havluya takanlar Ã¶nce iÃ§tikleri suyun naylon ÅŸiÅŸesini denize oraya buraya aâ€¦ https://t.co/rkl6iCD5mc"
@cem_baykal Bizim mahalledeki saÄŸlÄ±k ocaÄŸÄ±ndaki doktorlar Hintli PakistanlÄ±. DiÅŸ kliniÄŸinde Ã§alÄ±ÅŸmalar Ä°ranlÄ± Polonâ€¦ https://t.co/GvsIkLmIu3,@cem_baykal Bizim mahalledeki saÄŸlÄ±k ocaÄŸÄ±ndaki doktorlar Hintli PakistanlÄ±. DiÅŸ kliniÄŸinde Ã§alÄ±ÅŸmalar Ä°ranlÄ± Polonâ€¦ https://t.co/GvsIkLmIu3
"Uygur ve Arap harfli bir Miracname yazmasÄ±ndan (XV. asÄ±r):

(...) teÅ‹ri taâ€˜Ã¢lÃ¢ alarnÄ± ibrÃ¢hÃ®m peygamber qatÄ±nda cemâ€¦ https://t.co/fBFs8ornv2","Uygur ve Arap harfli bir Miracname yazmasÄ±ndan (XV. asÄ±r):

(...) teÅ‹ri taâ€˜Ã¢lÃ¢ alarnÄ± ibrÃ¢hÃ®m peygamber qatÄ±nda cemâ€¦ https://t.co/fBFs8ornv2"
@JesusSever31 42 saniye 42 ÅŸaka... cem yÄ±lmaz gel mizah gÃ¶r o.evladÄ±,@JesusSever31 42 saniye 42 ÅŸaka... cem yÄ±lmaz gel mizah gÃ¶r o.evladÄ±
@CMYLMZ Cani yanmis cem yilmazin yazik acidim ilk defağŸ¤£,@CMYLMZ Cani yanmis cem yilmazin yazik acidim ilk defağŸ¤£
@SerkanYetkin @trtspor Hayret cem abi kÄ±zmamÄ±ÅŸ ğŸ˜€,@SerkanYetkin @trtspor Hayret cem abi kÄ±zmamÄ±ÅŸ ğŸ˜€
"ğŸ”¥ Cem YÄ±lmazâ€™dan suÃ§ duyurusu aÃ§Ä±klamasÄ±: Ey dernek seni ciddiyete davet ediyorum: ÃœnlÃ¼ komedyen Cem YÄ±lmaz, BaÄŸÄ±mlâ€¦ https://t.co/02dxJCUy0c","ğŸ”¥ Cem YÄ±lmazâ€™dan suÃ§ duyurusu aÃ§Ä±klamasÄ±: Ey dernek seni ciddiyete davet ediyorum: ÃœnlÃ¼ komedyen Cem YÄ±lmaz, BaÄŸÄ±mlâ€¦ https://t.co/02dxJCUy0c"
@seebneemm erkek arkadaÅŸÄ±m danimarkalÄ± bir antropoloji yÃ¼ksek lisans Ã¶ÄŸrencisi. cem karacaâ€™yÄ± ceviz aÄŸacÄ± ile keÅŸfeâ€¦ https://t.co/pBYD1uVHBN,@seebneemm erkek arkadaÅŸÄ±m danimarkalÄ± bir antropoloji yÃ¼ksek lisans Ã¶ÄŸrencisi. cem karacaâ€™yÄ± ceviz aÄŸacÄ± ile keÅŸfeâ€¦ https://t.co/pBYD1uVHBN
@YasarAltundag BunlarÄ± Merterâ€™de Cem Ã¼retiyor. Cem Wolfskin!,@YasarAltundag BunlarÄ± Merterâ€™de Cem Ã¼retiyor. Cem Wolfskin!
"#Abdullah_Ocalan, #Murat_Karayilan, #Cemil_Bayik Ã» #Mustafa_Karasu
Li cem dewleta turk, qaÅŸo  xayin in. LÃª hÃ®na hemâ€¦ https://t.co/6qeoQsSs1f","#Abdullah_Ocalan, #Murat_Karayilan, #Cemil_Bayik Ã» #Mustafa_Karasu
Li cem dewleta turk, qaÅŸo  xayin in. LÃª hÃ®na hemâ€¦ https://t.co/6qeoQsSs1f"
@flakkabe @epicfutmoment @feyyazyigitdozu â€œBen kuzey kore futbol temsilcisiyim; FIFA ve kuzey kore arasÄ±nda anlaÅŸtÄ±â€¦ https://t.co/K7ozc8DSWs,@flakkabe @epicfutmoment @feyyazyigitdozu â€œBen kuzey kore futbol temsilcisiyim; FIFA ve kuzey kore arasÄ±nda anlaÅŸtÄ±â€¦ https://t.co/K7ozc8DSWs
@CMYLMZ ParasÄ±z kalmÄ±ÅŸlar . Biraz da gÃ¼ndem olmak istemiÅŸlerdir abi ciddiye alma boÅŸver .. :) Prim yapmak isteyen câ€¦ https://t.co/Q9pz13WdBu,@CMYLMZ ParasÄ±z kalmÄ±ÅŸlar . Biraz da gÃ¼ndem olmak istemiÅŸlerdir abi ciddiye alma boÅŸver .. :) Prim yapmak isteyen câ€¦ https://t.co/Q9pz13WdBu
@gsensonmez BunlarÄ±n bir kaÃ§Ä± benim de dÃ¼ÅŸÃ¼ndÃ¼ÄŸÃ¼m Ã¶rnekler arasÄ±nda evet. Ã‡ok teÅŸekkÃ¼r ederim! :) Ã¶ÄŸrencilerimin Ã§oâ€¦ https://t.co/6gGw95wsV1,@gsensonmez BunlarÄ±n bir kaÃ§Ä± benim de dÃ¼ÅŸÃ¼ndÃ¼ÄŸÃ¼m Ã¶rnekler arasÄ±nda evet. Ã‡ok teÅŸekkÃ¼r ederim! :) Ã¶ÄŸrencilerimin Ã§oâ€¦ https://t.co/6gGw95wsV1
Hocam ya ğŸ¥°ğŸ¥° https://t.co/z2qu3TlAP7,Hocam ya ğŸ¥°ğŸ¥° https://t.co/z2qu3TlAP7
Bu yolun sonu kupa olsun cocuklarğŸ˜ğŸ˜ https://t.co/kL8oVKWkPA,Bu yolun sonu kupa olsun cocuklarğŸ˜ğŸ˜ https://t.co/kL8oVKWkPA
Sizlere sorayÄ±m; Alman Ã¶ÄŸrencilerim ilk defa hangi Cem Karaca ÅŸarkÄ±sÄ±nÄ± dinlesin? Benim aklÄ±mda bir kaÃ§ fikir var fâ€¦ https://t.co/GOkHGbOP3Z,Sizlere sorayÄ±m; Alman Ã¶ÄŸrencilerim ilk defa hangi Cem Karaca ÅŸarkÄ±sÄ±nÄ± dinlesin? Benim aklÄ±mda bir kaÃ§ fikir var fâ€¦ https://t.co/GOkHGbOP3Z
"YarÄ±nki dersimde Ã¶ÄŸrencilerimi 60lar-70ler TÃ¼rkiyeâ€™sine gÃ¶tÃ¼rÃ¼yorum. Ã–ÄŸrenci hareketleri, saÄŸ ve sol gruplarÄ±n catÄ±â€¦ https://t.co/9XgZDEuhaU","YarÄ±nki dersimde Ã¶ÄŸrencilerimi 60lar-70ler TÃ¼rkiyeâ€™sine gÃ¶tÃ¼rÃ¼yorum. Ã–ÄŸrenci hareketleri, saÄŸ ve sol gruplarÄ±n catÄ±â€¦ https://t.co/9XgZDEuhaU"
@bengibaser Bu anlamlÄ± ve doÄŸru sÃ¶zleriniz iÃ§in teÅŸekkÃ¼r ederim.  âš˜,@bengibaser Bu anlamlÄ± ve doÄŸru sÃ¶zleriniz iÃ§in teÅŸekkÃ¼r ederim.  âš˜
@cem_baykal Gectigimiz gunlerde hemsirelere fazla mesai icin 2000 pound'un uzerinde bir odeme yapildi ve haber olduâ€¦ https://t.co/HMOiq67nY4,@cem_baykal Gectigimiz gunlerde hemsirelere fazla mesai icin 2000 pound'un uzerinde bir odeme yapildi ve haber olduâ€¦ https://t.co/HMOiq67nY4
YakÄ±ÅŸmadÄ± Cem Toker https://t.co/2swEIM4bnd,YakÄ±ÅŸmadÄ± Cem Toker https://t.co/2swEIM4bnd
@kutlukmtk @cem_baykal KalktÄ±k geldik almanyaya ama almanca gerÃ§ekten beyin zorlayan bir dil ğŸ˜… Kafam karÄ±ÅŸtÄ± ÅŸu an ğŸ˜‚,@kutlukmtk @cem_baykal KalktÄ±k geldik almanyaya ama almanca gerÃ§ekten beyin zorlayan bir dil ğŸ˜… Kafam karÄ±ÅŸtÄ± ÅŸu an ğŸ˜‚
"Benim insanlarla tanÄ±ÅŸÄ±rken geÃ§erli bazÄ± kriterlerim vardÄ±r. Biri, elimi nasÄ±l sÄ±kÄ±yor? Ä°kincisi, gÃ¶zÃ¼me nasÄ±l bakÄ±â€¦ https://t.co/xh1W2CY2in","Benim insanlarla tanÄ±ÅŸÄ±rken geÃ§erli bazÄ± kriterlerim vardÄ±r. Biri, elimi nasÄ±l sÄ±kÄ±yor? Ä°kincisi, gÃ¶zÃ¼me nasÄ±l bakÄ±â€¦ https://t.co/xh1W2CY2in"
Aksu  Ã‡ayÄ±rova  Pamukova  È‡ÌˆsÌ‘ÌˆcÌ‘ÌˆÈÌˆÈ“ÌˆtÌ‘  #Sivas  Cem Erkek Beni Bizim h https://t.co/qq5IwN3JSK,Aksu  Ã‡ayÄ±rova  Pamukova  È‡ÌˆsÌ‘ÌˆcÌ‘ÌˆÈÌˆÈ“ÌˆtÌ‘  #Sivas  Cem Erkek Beni Bizim h https://t.co/qq5IwN3JSK
"@Zakire91846017 Muhterem efendim, yanÄ±tÄ±mda zikrettiÄŸim ""mabet""ler Tek TanrÄ±lÄ± dinlerinkiydi. Bilemiyorum 'Cem Evleâ€¦ https://t.co/Hy6T18GcBR","@Zakire91846017 Muhterem efendim, yanÄ±tÄ±mda zikrettiÄŸim ""mabet""ler Tek TanrÄ±lÄ± dinlerinkiydi. Bilemiyorum 'Cem Evleâ€¦ https://t.co/Hy6T18GcBR"
"Cem YÄ±lmaz hakkÄ±nda suÃ§ duyurusu

https://t.co/0m1uMfXW7T","Cem YÄ±lmaz hakkÄ±nda suÃ§ duyurusu

https://t.co/0m1uMfXW7T"
Cem YÄ±lmaz kendisi hakkÄ±nda Ã§Ä±kan haberleri kesinlikle bu modda takip ediyordur Ã‡OK TA FÄ° FÄ° â€¦ğŸ˜‰ğŸ‘‹ğŸ˜€ https://t.co/29srP9mdbW,Cem YÄ±lmaz kendisi hakkÄ±nda Ã§Ä±kan haberleri kesinlikle bu modda takip ediyordur Ã‡OK TA FÄ° FÄ° â€¦ğŸ˜‰ğŸ‘‹ğŸ˜€ https://t.co/29srP9mdbW
@HanSolo1923 Ä°nÅŸallah bu ikisi kÄ±racaklar makus talihlerini. AsÄ±l diriliÅŸ bu olacak,@HanSolo1923 Ä°nÅŸallah bu ikisi kÄ±racaklar makus talihlerini. AsÄ±l diriliÅŸ bu olacak
@fx_trader__ DÃ¼ÅŸÃ¼ÅŸ/ konsolidasyon bitti mi sizce? Bir yÃ¼kseliÅŸ trendi baÅŸladÄ± mÄ± sizce?,@fx_trader__ DÃ¼ÅŸÃ¼ÅŸ/ konsolidasyon bitti mi sizce? Bir yÃ¼kseliÅŸ trendi baÅŸladÄ± mÄ± sizce?
@HanSolo1923 Konu ne ara BeÅŸiktaÅŸ â€˜a geldi? RTEâ€™nin her konuyu KKâ€™ye baÄŸlamasÄ± gibi oldu ğŸ™‚,@HanSolo1923 Konu ne ara BeÅŸiktaÅŸ â€˜a geldi? RTEâ€™nin her konuyu KKâ€™ye baÄŸlamasÄ± gibi oldu ğŸ™‚
@twdufans EÄER SPOÄ°LER YEDÄ°YSEM ANANÄ° S.CEM ROSPU COCUGU,@twdufans EÄER SPOÄ°LER YEDÄ°YSEM ANANÄ° S.CEM ROSPU COCUGU
"Cem YÄ±lmazâ€™Ä±n ErÅŸan Kuneri dizisine suÃ§ duyurusu: ""Sigara ve alkol kartellerinden gizli anlaÅŸmalarla menfaat teminâ€¦ https://t.co/Kw8K1NxoxH","Cem YÄ±lmazâ€™Ä±n ErÅŸan Kuneri dizisine suÃ§ duyurusu: ""Sigara ve alkol kartellerinden gizli anlaÅŸmalarla menfaat teminâ€¦ https://t.co/Kw8K1NxoxH"
@asliness_ DoÄŸru bu. Ben hikayedeki Cem'im.,@asliness_ DoÄŸru bu. Ben hikayedeki Cem'im.
"@rertan @alphanmanas DoÄŸrudur, tÃ¼keticiye yÃ¶nelik yazÄ±lÄ±mlarda geride TÃ¼rkiye, ama peak games dÃ¼nyaca Ã¼nlÃ¼ oyunlarâ€¦ https://t.co/2luT50TVct","@rertan @alphanmanas DoÄŸrudur, tÃ¼keticiye yÃ¶nelik yazÄ±lÄ±mlarda geride TÃ¼rkiye, ama peak games dÃ¼nyaca Ã¼nlÃ¼ oyunlarâ€¦ https://t.co/2luT50TVct"
@ZAMajans ZamanÄ±nda muhteÅŸem yÄ±ldÄ±z vardÄ± 1 kiÅŸi ÅŸikayet etti mi mesela senin padiÅŸahÄ±n haremdenn cÄ±kmÄ±yor gibi tutâ€¦ https://t.co/30VEbFXqlZ,@ZAMajans ZamanÄ±nda muhteÅŸem yÄ±ldÄ±z vardÄ± 1 kiÅŸi ÅŸikayet etti mi mesela senin padiÅŸahÄ±n haremdenn cÄ±kmÄ±yor gibi tutâ€¦ https://t.co/30VEbFXqlZ
@SerkanYetkin @spormansettrt @trtspor Ã‡ok severek izliyorum sizi keÅŸke Ã¼lkede 10tane Cem beyden olsa yeter ğŸ‘ğŸ’ğŸ’,@SerkanYetkin @spormansettrt @trtspor Ã‡ok severek izliyorum sizi keÅŸke Ã¼lkede 10tane Cem beyden olsa yeter ğŸ‘ğŸ’ğŸ’
"@CMYLMZ bu durumu yÄ±llar Ã¶nce ""GerizekalÄ± mesleki reaksiyon"" diye tanÄ±mlamamÄ±ÅŸ mÄ±ydÄ±? GÃ¶sterilerindeki tespitlerinâ€¦ https://t.co/WDBWmT77hf","@CMYLMZ bu durumu yÄ±llar Ã¶nce ""GerizekalÄ± mesleki reaksiyon"" diye tanÄ±mlamamÄ±ÅŸ mÄ±ydÄ±? GÃ¶sterilerindeki tespitlerinâ€¦ https://t.co/WDBWmT77hf"
"ğŸ”¥ BabÄ±ali'den plazalara gazetelerin yolculuÄŸu: AraÅŸtÄ±rmacÄ± yazar Dr. Cem SÃ¶kmen, ""TarihÃ® ve MekÃ¢nsal DeÄŸiÅŸimiyle Ä°sâ€¦ https://t.co/I3hVOy3wGt","ğŸ”¥ BabÄ±ali'den plazalara gazetelerin yolculuÄŸu: AraÅŸtÄ±rmacÄ± yazar Dr. Cem SÃ¶kmen, ""TarihÃ® ve MekÃ¢nsal DeÄŸiÅŸimiyle Ä°sâ€¦ https://t.co/I3hVOy3wGt"
"@Haber O dernek dÃ¶nem filmi nedir bi baksÄ±n Ã¶nce. Amk yerinde parasÄ± biten, adÄ± duyulsun isteyen Cem YÄ±lmaz'a saydÄ±rÄ±yor :)","@Haber O dernek dÃ¶nem filmi nedir bi baksÄ±n Ã¶nce. Amk yerinde parasÄ± biten, adÄ± duyulsun isteyen Cem YÄ±lmaz'a saydÄ±rÄ±yor :)"
@yucelbulut35 @Gkhn3351 @43_cem @ononterim Bu cizgiyi cizdiler https://t.co/8SBGLLKQzV,@yucelbulut35 @Gkhn3351 @43_cem @ononterim Bu cizgiyi cizdiler https://t.co/8SBGLLKQzV
@ankara_kusu @DIBAliErbas Sen onu cem evi dedelerine sor,@ankara_kusu @DIBAliErbas Sen onu cem evi dedelerine sor
bu iphone alarmi bi daha duymazsam s.cem telefonu,bu iphone alarmi bi daha duymazsam s.cem telefonu
@gokcencatli Hahaha. Instegram la karÄ±ÅŸtÄ±rdÄ±n herhalde ğŸ¤£ğŸ¤£,@gokcencatli Hahaha. Instegram la karÄ±ÅŸtÄ±rdÄ±n herhalde ğŸ¤£ğŸ¤£
@tly_Ungodly ğŸ¤£ğŸ¤£ tÃ¶vbe ğŸ¤£ğŸ¤£ bu ne ya. GÃ¼lmekten yerlerde yuvarlandÄ±m,@tly_Ungodly ğŸ¤£ğŸ¤£ tÃ¶vbe ğŸ¤£ğŸ¤£ bu ne ya. GÃ¼lmekten yerlerde yuvarlandÄ±m
"Canlar, BÃ¼hl Cemeviâ€™nde cem oldular https://t.co/dZmXR5XS3S","Canlar, BÃ¼hl Cemeviâ€™nde cem oldular https://t.co/dZmXR5XS3S"
"@alphanmanas SelÃ§uk Bayraktar uÃ§akta ki AI'e demek ki Ã§ok gÃ¼veniyor. 

HatÄ±rlarsanÄ±z bir Ukrayna drone ekibi TB2'niâ€¦ https://t.co/snwzW4CArj","@alphanmanas SelÃ§uk Bayraktar uÃ§akta ki AI'e demek ki Ã§ok gÃ¼veniyor. 

HatÄ±rlarsanÄ±z bir Ukrayna drone ekibi TB2'niâ€¦ https://t.co/snwzW4CArj"
@MASAOMORITR @cem_oezdemir @ABaerbock @_StephanBrock YanÄ±ndaki kim?,@MASAOMORITR @cem_oezdemir @ABaerbock @_StephanBrock YanÄ±ndaki kim?
@Gkhn3351 @43_cem @ononterim Ona calmadi ztn. Burasi ofsayt. Kalecinin yaninda iki sarili var. Birisi kafayla topaâ€¦ https://t.co/F4N3UqYZ91,@Gkhn3351 @43_cem @ononterim Ona calmadi ztn. Burasi ofsayt. Kalecinin yaninda iki sarili var. Birisi kafayla topaâ€¦ https://t.co/F4N3UqYZ91
"@sarigulHalill Hep yukarÄ± hep, 10000 olacak fikri herkeste uyanmalÄ±","@sarigulHalill Hep yukarÄ± hep, 10000 olacak fikri herkeste uyanmalÄ±"
@ayhanturkz Onun iÃ§in mi SÃ¼nni TÃ¼rkler sizi kazÄ±ÄŸa oturttu.Hadi o Ã§ok sevdiÄŸin Kemalist faÅŸist devletin cem evlerinâ€¦ https://t.co/m7s0Hau2WM,@ayhanturkz Onun iÃ§in mi SÃ¼nni TÃ¼rkler sizi kazÄ±ÄŸa oturttu.Hadi o Ã§ok sevdiÄŸin Kemalist faÅŸist devletin cem evlerinâ€¦ https://t.co/m7s0Hau2WM
"@anas_1907 Cem yÄ±lmaz bile bu kadar komik deÄŸil, ne tuhaf insanlar varmÄ±ÅŸ ğŸ˜‚","@anas_1907 Cem yÄ±lmaz bile bu kadar komik deÄŸil, ne tuhaf insanlar varmÄ±ÅŸ ğŸ˜‚"
@cem_oezdemir ErdoÄŸan'Ä±n seÃ§im kampanyasÄ±nÄ± (18 Haziran 2023) suikastlerle desteklemekte KÃ¼rtlerin ne Ã§Ä±karÄ± olsun?â€¦ https://t.co/6wQo9iNxmQ,@cem_oezdemir ErdoÄŸan'Ä±n seÃ§im kampanyasÄ±nÄ± (18 Haziran 2023) suikastlerle desteklemekte KÃ¼rtlerin ne Ã§Ä±karÄ± olsun?â€¦ https://t.co/6wQo9iNxmQ
@ankara_kusu Ya sisi ya binali gibi bir laf vardÄ±,@ankara_kusu Ya sisi ya binali gibi bir laf vardÄ±
@43_cem @ononterim Bu ofsayt iste.,@43_cem @ononterim Bu ofsayt iste.
"@hekanaho @cem_oezdemir GÃ¶tÃ¼n yiyorsa karÅŸÄ±ma Ã§Ä±k, yÃ¼zÃ¼me karÅŸÄ± sÃ¶yle kodumun laÄŸÄ±m fareleri sizi","@hekanaho @cem_oezdemir GÃ¶tÃ¼n yiyorsa karÅŸÄ±ma Ã§Ä±k, yÃ¼zÃ¼me karÅŸÄ± sÃ¶yle kodumun laÄŸÄ±m fareleri sizi"
"SayÄ±n bakanÄ±m Ã§ok haklÄ±
@MevlutCavusoglu https://t.co/jWEuRInObC https://t.co/rdYupNeO4h","SayÄ±n bakanÄ±m Ã§ok haklÄ±
@MevlutCavusoglu https://t.co/jWEuRInObC https://t.co/rdYupNeO4h"
ğŸ˜‚ğŸ˜‚ğŸ˜‚ guzel olmus https://t.co/9pSlbGhYfs,ğŸ˜‚ğŸ˜‚ğŸ˜‚ guzel olmus https://t.co/9pSlbGhYfs
Jesus dedemin Ekvatorâ€™a bile faydasi dokunuyorğŸ˜‚,Jesus dedemin Ekvatorâ€™a bile faydasi dokunuyorğŸ˜‚
Cok kotu milli takim ve kalecisi gordum ama Qatar kadar kotu takim hayatimda izlememistimâ€¦,Cok kotu milli takim ve kalecisi gordum ama Qatar kadar kotu takim hayatimda izlememistimâ€¦
@mstfmchd Var ekibine yuklu bir zarf hediye edilecektirğŸ˜€,@mstfmchd Var ekibine yuklu bir zarf hediye edilecektirğŸ˜€
@1965_cem Ä°yi akÅŸamlar,@1965_cem Ä°yi akÅŸamlar
@tokcem Cem bey ya saray dan emir geldiyse bunu konuÅŸun diye.Hatirlayin 1 gÃ¼n ekonomi bakani nin istifasini bu yandâ€¦ https://t.co/KDzymksBhx,@tokcem Cem bey ya saray dan emir geldiyse bunu konuÅŸun diye.Hatirlayin 1 gÃ¼n ekonomi bakani nin istifasini bu yandâ€¦ https://t.co/KDzymksBhx
Bu Åovu Cem yÄ±lmaz yapabilirde bir Td asla yapamaz yapmaya kalkarsada iÅŸte bÃ¶yle Ã‡akÄ±Ä±lÄ±r Ä°smail hocam sen Ã¶nce Tekâ€¦ https://t.co/hsvR96MN2v,Bu Åovu Cem yÄ±lmaz yapabilirde bir Td asla yapamaz yapmaya kalkarsada iÅŸte bÃ¶yle Ã‡akÄ±Ä±lÄ±r Ä°smail hocam sen Ã¶nce Tekâ€¦ https://t.co/hsvR96MN2v
@DahiOglan Cem Uzan,@DahiOglan Cem Uzan
Kayseri  Gaziantep  GercÃ¼ÅŸ  È‡ÌˆsÌ‘ÌˆcÌ‘ÌˆÈÌˆÈ“ÌˆtÌ‘  #Ã‡orum  KÄ±zlar Ã‡Ã¼nkÃ¼ PiÅŸman CEM . https://t.co/I45NAHyDQg,Kayseri  Gaziantep  GercÃ¼ÅŸ  È‡ÌˆsÌ‘ÌˆcÌ‘ÌˆÈÌˆÈ“ÌˆtÌ‘  #Ã‡orum  KÄ±zlar Ã‡Ã¼nkÃ¼ PiÅŸman CEM . https://t.co/I45NAHyDQg
@say_cem 4-5kere izlediÄŸim ÅŸahane bir filmdir,@say_cem 4-5kere izlediÄŸim ÅŸahane bir filmdir
@Chequevera06 Cem bey babanÄ±z gripten mi  Ã¶ldÃ¼? KaÃ§ yaÅŸÄ±ndaydÄ±?,@Chequevera06 Cem bey babanÄ±z gripten mi  Ã¶ldÃ¼? KaÃ§ yaÅŸÄ±ndaydÄ±?
Essen Cemevi 27 KasÄ±mâ€™da Birli Cem yapacak. https://t.co/Qu8Hfu3E5u,Essen Cemevi 27 KasÄ±mâ€™da Birli Cem yapacak. https://t.co/Qu8Hfu3E5u
@cemkoc1804 @gurseltekin34 suriyeli erkeklerden mi hoÅŸlanÄ±rsÄ±n cem ?,@cemkoc1804 @gurseltekin34 suriyeli erkeklerden mi hoÅŸlanÄ±rsÄ±n cem ?
"Rabbim kahraman MehmetÃ§iÄŸimizi korusun ve muzaffer eylesin! ğŸ‡¹ğŸ‡·
#HesapZamanÄ±
#PenÃ§eKÄ±lÄ±Ã§ https://t.co/KjKjVYmjsO","Rabbim kahraman MehmetÃ§iÄŸimizi korusun ve muzaffer eylesin! ğŸ‡¹ğŸ‡·
#HesapZamanÄ±
#PenÃ§eKÄ±lÄ±Ã§ https://t.co/KjKjVYmjsO"
@cemoyvat @ali_hakan_kara Åirketlere kriz sonrasÄ± ihracat gelirlerini yurt dÄ±ÅŸÄ±nda tutma serbestliÄŸi verildikten soâ€¦ https://t.co/UnYuTJKBfw,@cemoyvat @ali_hakan_kara Åirketlere kriz sonrasÄ± ihracat gelirlerini yurt dÄ±ÅŸÄ±nda tutma serbestliÄŸi verildikten soâ€¦ https://t.co/UnYuTJKBfw
@tcsavunma Allah (cc) yardÄ±mcÄ±nÄ±z olsun ğŸ‡¹ğŸ‡·,@tcsavunma Allah (cc) yardÄ±mcÄ±nÄ±z olsun ğŸ‡¹ğŸ‡·
@_SydneyCarton_ @TcEmre_clk87 @Msc9091 Bende niye duygusu yok aq Behzat Uygur'a Cem Davran'a sarÄ±yorum kaÃ§ gÃ¼ndÃ¼r biraz deÄŸiÅŸtireyim diye ğŸ˜‚ğŸ˜‚,@_SydneyCarton_ @TcEmre_clk87 @Msc9091 Bende niye duygusu yok aq Behzat Uygur'a Cem Davran'a sarÄ±yorum kaÃ§ gÃ¼ndÃ¼r biraz deÄŸiÅŸtireyim diye ğŸ˜‚ğŸ˜‚
"@mysterieux24 @tokcem NasÄ±l olsun ki,iÃ§i kan aÄŸlÄ±yor Cem'in ÅŸimdi!","@mysterieux24 @tokcem NasÄ±l olsun ki,iÃ§i kan aÄŸlÄ±yor Cem'in ÅŸimdi!"
@_Mehmet_Cem_ GÃ¼naydÃ¬nâ˜•ğŸ™‹â€â™‚ï¸bu aralar nadir denk geliyoruz iÅŸ yogunlugundan sanirim,@_Mehmet_Cem_ GÃ¼naydÃ¬nâ˜•ğŸ™‹â€â™‚ï¸bu aralar nadir denk geliyoruz iÅŸ yogunlugundan sanirim
"Ehzab-63- (Ya Muhammed!) Ãnsan pirsa qiyametÃª ji te dikin, ka kengÃª ye? BibÃªje: ZanÃ®na wÃª bes li cem XwedÃª ye. Ma tâ€¦ https://t.co/zdn0gqEFRA","Ehzab-63- (Ya Muhammed!) Ãnsan pirsa qiyametÃª ji te dikin, ka kengÃª ye? BibÃªje: ZanÃ®na wÃª bes li cem XwedÃª ye. Ma tâ€¦ https://t.co/zdn0gqEFRA"
@Mimarietkiler Evde yasayanlarÄ±n boylarÄ± kaÃ§ metre ola ki,@Mimarietkiler Evde yasayanlarÄ±n boylarÄ± kaÃ§ metre ola ki
@Aydn09602152 @CMYLMZ DoÄŸru Cem YÄ±lmaz vs kÄ±nasa bombalar patlamayacak. Aq eleÅŸtirinin dozunu baya kaÃ§Ä±rÄ±yorsunuz.â€¦ https://t.co/2YgpCxd1Br,@Aydn09602152 @CMYLMZ DoÄŸru Cem YÄ±lmaz vs kÄ±nasa bombalar patlamayacak. Aq eleÅŸtirinin dozunu baya kaÃ§Ä±rÄ±yorsunuz.â€¦ https://t.co/2YgpCxd1Br
"@myeneroglu Ne kadar vatan haini ÅŸerefsiz alÃ§ak varsa onlarÄ±n yÄ±lmaz savunusuâ€¦. sen, cem Ã¶zdemiri ve can dÃ¼ndarÄ± bile geÃ§tin mustafa","@myeneroglu Ne kadar vatan haini ÅŸerefsiz alÃ§ak varsa onlarÄ±n yÄ±lmaz savunusuâ€¦. sen, cem Ã¶zdemiri ve can dÃ¼ndarÄ± bile geÃ§tin mustafa"
@e_erda @CivakaAzad_S @_Civak_saz1 Cem Ersever'in kardeÅŸleri gecenizi aydÄ±nlatÄ±yor. Kudurun... https://t.co/S3HigxbsyH,@e_erda @CivakaAzad_S @_Civak_saz1 Cem Ersever'in kardeÅŸleri gecenizi aydÄ±nlatÄ±yor. Kudurun... https://t.co/S3HigxbsyH
"#RadioKardeche te #Cem Adrian - Sen gel diyorsun dinliyorsunuz 
https://t.co/7HycY3E2X1 - Istekleriniz Playlistimizâ€¦ https://t.co/ZBxsXFyXob","#RadioKardeche te #Cem Adrian - Sen gel diyorsun dinliyorsunuz 
https://t.co/7HycY3E2X1 - Istekleriniz Playlistimizâ€¦ https://t.co/ZBxsXFyXob"
@tcsavunma Cem Ersever'in kardeÅŸleri geliyor https://t.co/TTbw6s0wMc,@tcsavunma Cem Ersever'in kardeÅŸleri geliyor https://t.co/TTbw6s0wMc
"@OguzhanUgur @OguzhanUgur Bey merhaba. SeÃ§im Ã¶ncesi Alevileri bir inanÃ§ topluluÄŸu olarak deÄŸil, kÃ¼ltÃ¼rel bir toplulâ€¦ https://t.co/JdUqTvNwHu","@OguzhanUgur @OguzhanUgur Bey merhaba. SeÃ§im Ã¶ncesi Alevileri bir inanÃ§ topluluÄŸu olarak deÄŸil, kÃ¼ltÃ¼rel bir toplulâ€¦ https://t.co/JdUqTvNwHu"
@SkopjeTimu @OpelKonstantin @grsyzn @Repcic_11 @ouzhan69173365 @Tatkalli Taksim Diskotek former office of Cem Ã–zdemir ğŸ˜‚,@SkopjeTimu @OpelKonstantin @grsyzn @Repcic_11 @ouzhan69173365 @Tatkalli Taksim Diskotek former office of Cem Ã–zdemir ğŸ˜‚
"@aykiricomtr KadÄ±nÄ±n el sÄ±kÄ±ÅŸma hareketini gÃ¶rmedi bence, o an o kadar insan arasÄ±nda Ã¶nÃ¼ndeki 2 boboya konsantre oâ€¦ https://t.co/EZdhRdAWIP","@aykiricomtr KadÄ±nÄ±n el sÄ±kÄ±ÅŸma hareketini gÃ¶rmedi bence, o an o kadar insan arasÄ±nda Ã¶nÃ¼ndeki 2 boboya konsantre oâ€¦ https://t.co/EZdhRdAWIP"
@Ahmet_Davutoglu Ya ne oldu anlat ya da masadan kalk,@Ahmet_Davutoglu Ya ne oldu anlat ya da masadan kalk
"@iriscibre Bu tiplerin tarih bilgiso de din bilgisi de zayif oluyor!
Gecen gun Hac'ca giden 1 tane padisah yok; buâ€¦ https://t.co/GbyFq28QX7","@iriscibre Bu tiplerin tarih bilgiso de din bilgisi de zayif oluyor!
Gecen gun Hac'ca giden 1 tane padisah yok; buâ€¦ https://t.co/GbyFq28QX7"
"Ben de vekil ettim BÃ¢ri HÃ¼dÃ¢'mÄ±
O da kulu gibi zulÃ¼m ede mi
Orda sÃ¶yletirler bir bir adamÄ±
KalsÄ±n benim davam divanâ€¦ https://t.co/U37tY21vn8","Ben de vekil ettim BÃ¢ri HÃ¼dÃ¢'mÄ±
O da kulu gibi zulÃ¼m ede mi
Orda sÃ¶yletirler bir bir adamÄ±
KalsÄ±n benim davam divanâ€¦ https://t.co/U37tY21vn8"
@uzmankriptoo Helal hocam supersin bide hocam zahmet olmazsa soyle 10 coinlik bi sepet yaparmisin? Cem yilmazin dedâ€¦ https://t.co/szwNJgKPRJ,@uzmankriptoo Helal hocam supersin bide hocam zahmet olmazsa soyle 10 coinlik bi sepet yaparmisin? Cem yilmazin dedâ€¦ https://t.co/szwNJgKPRJ
@psikolojy Ä°Ã§erde bir tek Cem Ersever eksik. Mic alsam asit kuyularÄ±na atÄ±lÄ±r mÄ±yÄ±m? ğŸ‘€,@psikolojy Ä°Ã§erde bir tek Cem Ersever eksik. Mic alsam asit kuyularÄ±na atÄ±lÄ±r mÄ±yÄ±m? ğŸ‘€
@HaberReport Ulan insanlar oraya eÄŸlenmeye gidiyorlar tabiki iÃ§mezseler Ã¶lÃ¼rler,@HaberReport Ulan insanlar oraya eÄŸlenmeye gidiyorlar tabiki iÃ§mezseler Ã¶lÃ¼rler
"""DÃ¶nÃ¼p Ã¼lkemizi haramzadelerden kurtaracaÄŸÄ±z""

Yurdumuzu, hatÄ±ralarÄ±mÄ±zÄ±, kariyerimizi kaybedip yurt dÄ±ÅŸÄ±na savrulmâ€¦ https://t.co/YS6MXz0not","""DÃ¶nÃ¼p Ã¼lkemizi haramzadelerden kurtaracaÄŸÄ±z""

Yurdumuzu, hatÄ±ralarÄ±mÄ±zÄ±, kariyerimizi kaybedip yurt dÄ±ÅŸÄ±na savrulmâ€¦ https://t.co/YS6MXz0not"
@songurulus KurduÄŸunuz mantÄ±ÄŸÄ± tam anlayamadÄ±m. KK dedi diye Pala tersini mi yapacak? Neden? KK kazandÄ±ÄŸÄ±nda hesapâ€¦ https://t.co/QayKys8KvU,@songurulus KurduÄŸunuz mantÄ±ÄŸÄ± tam anlayamadÄ±m. KK dedi diye Pala tersini mi yapacak? Neden? KK kazandÄ±ÄŸÄ±nda hesapâ€¦ https://t.co/QayKys8KvU
@togrularya IÅŸÄ±klar iÃ§inde uyusun baÅŸÄ±nÄ±z saÄŸolsun,@togrularya IÅŸÄ±klar iÃ§inde uyusun baÅŸÄ±nÄ±z saÄŸolsun
@cumhuriyetgzt Akpâ€™nin Cem SultanÄ±ydÄ±,@cumhuriyetgzt Akpâ€™nin Cem SultanÄ±ydÄ±
@CavitKaraoglan2 @celal__klcdrglu Namaz kiliniyorsa mekan Ã¶nemli degildir. Cem evinde namaz kiliniyor mu? BilmediÄŸimden soruyorum.,@CavitKaraoglan2 @celal__klcdrglu Namaz kiliniyorsa mekan Ã¶nemli degildir. Cem evinde namaz kiliniyor mu? BilmediÄŸimden soruyorum.
"@nesialtaras Siz sÃ¶ylemedikÃ§e ve iÃ§e Ã§ekildikÃ§e, bu saÃ§ma yorumlar artÄ±yor. Bir Ã§eÅŸit vortex","@nesialtaras Siz sÃ¶ylemedikÃ§e ve iÃ§e Ã§ekildikÃ§e, bu saÃ§ma yorumlar artÄ±yor. Bir Ã§eÅŸit vortex"
@nesialtaras Ne Ã¼zÃ¼cÃ¼,@nesialtaras Ne Ã¼zÃ¼cÃ¼
@feyyazyigitdozu Bu bÃ¶lÃ¼m hiÃ§ gÃ¼zel deÄŸildi. Ya da ben anlamadÄ±m. Olaylar Ã§ok baÄŸlantÄ±sÄ±zdÄ±. Bir ara acaba Cem YÄ±lmâ€¦ https://t.co/59cOzEveRc,@feyyazyigitdozu Bu bÃ¶lÃ¼m hiÃ§ gÃ¼zel deÄŸildi. Ya da ben anlamadÄ±m. Olaylar Ã§ok baÄŸlantÄ±sÄ±zdÄ±. Bir ara acaba Cem YÄ±lmâ€¦ https://t.co/59cOzEveRc
@hallochenn Yani ilk yorumu yazan sikko biÅŸey demiÅŸ okey ama bu kdar tatava yapÄ±lmaz ya:d liseye gidene kadar ben dâ€¦ https://t.co/tVFMXHdq7d,@hallochenn Yani ilk yorumu yazan sikko biÅŸey demiÅŸ okey ama bu kdar tatava yapÄ±lmaz ya:d liseye gidene kadar ben dâ€¦ https://t.co/tVFMXHdq7d
"@celal__klcdrglu Åimdiye kadar kendini gerÃ§ek Celal KÄ±lÄ±Ã§daroÄŸlu diye takdim ediyordun, Ã¶lÃ¼nce â€œbabamÄ±zâ€ mÄ± oldu?â€¦ https://t.co/rvpRcLbfTh","@celal__klcdrglu Åimdiye kadar kendini gerÃ§ek Celal KÄ±lÄ±Ã§daroÄŸlu diye takdim ediyordun, Ã¶lÃ¼nce â€œbabamÄ±zâ€ mÄ± oldu?â€¦ https://t.co/rvpRcLbfTh"
"@ahmetcemozen kralcilarin mesai biter mi cem bey, sasirtmadilar bugun de.","@ahmetcemozen kralcilarin mesai biter mi cem bey, sasirtmadilar bugun de."
Cem GelinoÄŸlu Ã§ok Ã¶zel karakter. KÄ±ymeti bilinmeli.,Cem GelinoÄŸlu Ã§ok Ã¶zel karakter. KÄ±ymeti bilinmeli.
@cemkucuk55 AcÄ± patlÄ±canÄ± kÄ±raÄŸÄ± Ã§almazmÄ±ÅŸ Cem beÄŸ,@cemkucuk55 AcÄ± patlÄ±canÄ± kÄ±raÄŸÄ± Ã§almazmÄ±ÅŸ Cem beÄŸ
"Geceye bir ÅŸarkÄ± 

 Cem Karaca 

         Kara sevda bu","Geceye bir ÅŸarkÄ± 

 Cem Karaca 

         Kara sevda bu"
@SpordaoAnlar BÃ¶yle oyun mu olur!,@SpordaoAnlar BÃ¶yle oyun mu olur!
@assholeesek @cemegemenmusic Cem sana yanÄ±k ama demeye Ã§ekiniyor,@assholeesek @cemegemenmusic Cem sana yanÄ±k ama demeye Ã§ekiniyor
@cemegemenmusic @AysnurK1 @assholeesek Cem utanÃ§ kaynaÄŸÄ±sÄ±n.,@cemegemenmusic @AysnurK1 @assholeesek Cem utanÃ§ kaynaÄŸÄ±sÄ±n.
cem yilmazdan eÄŸlenceli olmayan paylasim,cem yilmazdan eÄŸlenceli olmayan paylasim
"@Recepsvs5806 @m_cemilkilic 1) Cem Sultan padisah degildir!
2) Vahdettin kacarken Mekke'ye gitmis ama Hac gorevini yerine getirmemistir!","@Recepsvs5806 @m_cemilkilic 1) Cem Sultan padisah degildir!
2) Vahdettin kacarken Mekke'ye gitmis ama Hac gorevini yerine getirmemistir!"
"@Liyanroj Li gundÃª me UzÃ®m behr tunebÃ», Ã§emÃª miksÃª di ber de diherikÃ® di Ã§em de jÃ® tenÃª masiyÃªn sorbelek hebÃ»n. Lewâ€¦ https://t.co/YX8Rzi9e9s","@Liyanroj Li gundÃª me UzÃ®m behr tunebÃ», Ã§emÃª miksÃª di ber de diherikÃ® di Ã§em de jÃ® tenÃª masiyÃªn sorbelek hebÃ»n. Lewâ€¦ https://t.co/YX8Rzi9e9s"
"BÃ¼tÃ¼n tuÅŸlara aynÄ± anda basan ""siyasi deha(!)"". https://t.co/4SKFQCD21J","BÃ¼tÃ¼n tuÅŸlara aynÄ± anda basan ""siyasi deha(!)"". https://t.co/4SKFQCD21J"
@yesilimai @rezaletiyisey @caglanurunuz 4 tane sardÄ±r oradan,@yesilimai @rezaletiyisey @caglanurunuz 4 tane sardÄ±r oradan
@songurulus Meral hanÄ±m dÃ¼n noktayÄ± koymuÅŸtu. Partiye tam hakim deÄŸil demek ki,@songurulus Meral hanÄ±m dÃ¼n noktayÄ± koymuÅŸtu. Partiye tam hakim deÄŸil demek ki
@ozlem_lady @Darkwebhaber Bu konuÅŸmanÄ±n devamÄ± ve yÃ¶ntem @nevsinmengu in dÃ¼nkÃ¼ videosunda var,@ozlem_lady @Darkwebhaber Bu konuÅŸmanÄ±n devamÄ± ve yÃ¶ntem @nevsinmengu in dÃ¼nkÃ¼ videosunda var
@medyapimresmi YÄ±ldÄ±z muhteÅŸemdi o ayrÄ± ğŸ‘‘ğŸŒŸğŸ”¥ama bu cem her kimse yÄ±ldÄ±zÄ±n giriÅŸin ile yapÄ±lmasÄ± demek yeni bir Ã§ift giriÅŸ yapÄ±lÄ±yor gibi ğŸ¤”,@medyapimresmi YÄ±ldÄ±z muhteÅŸemdi o ayrÄ± ğŸ‘‘ğŸŒŸğŸ”¥ama bu cem her kimse yÄ±ldÄ±zÄ±n giriÅŸin ile yapÄ±lmasÄ± demek yeni bir Ã§ift giriÅŸ yapÄ±lÄ±yor gibi ğŸ¤”
@odatv Bunun prefrontal korteksine ne olmuÅŸ?!,@odatv Bunun prefrontal korteksine ne olmuÅŸ?!
@erdemaksakal Mesaj atabildiÄŸim ve mesajÄ±nÄ± okuduÄŸum sÃ¼rece Elon haklÄ±. SÃ¼rdÃ¼rÃ¼lebiliÄŸini bu ilginÃ§ sosyal deneyle gÃ¶receÄŸiz,@erdemaksakal Mesaj atabildiÄŸim ve mesajÄ±nÄ± okuduÄŸum sÃ¼rece Elon haklÄ±. SÃ¼rdÃ¼rÃ¼lebiliÄŸini bu ilginÃ§ sosyal deneyle gÃ¶receÄŸiz
@cemkucuk55 Cem kÃ¼Ã§Ã¼k grip bÃ¼yÃ¼k ğŸ¤£,@cemkucuk55 Cem kÃ¼Ã§Ã¼k grip bÃ¼yÃ¼k ğŸ¤£
@CemAksoyBJK Valla Cem al benden de o kadar hatta 2021â€˜i de dahil edebilirim,@CemAksoyBJK Valla Cem al benden de o kadar hatta 2021â€˜i de dahil edebilirim
"@ZaferYl06715387 @odatv Kesinlikle, de her nedense en ferah huzurlu yer olarak aklÄ±ma adana adliye Ã¶nÃ¼ gelmiÅŸti birden.","@ZaferYl06715387 @odatv Kesinlikle, de her nedense en ferah huzurlu yer olarak aklÄ±ma adana adliye Ã¶nÃ¼ gelmiÅŸti birden."
@ZaferYl06715387 @odatv Bizim mesela adana da ekvatora uzaklÄ±ÄŸÄ±ndan olsa gerek hiÃ§ ÅŸiddet yok maÅŸallah.,@ZaferYl06715387 @odatv Bizim mesela adana da ekvatora uzaklÄ±ÄŸÄ±ndan olsa gerek hiÃ§ ÅŸiddet yok maÅŸallah.
"@cemkucuk55 Åu meÅŸhur yorumlarÄ± duymak iÃ§in mi hoÅŸuna gittiÄŸi iÃ§in mi tweet atÄ±yorsun Cem?
Bu sÃ¶zlerin Binde biri bâ€¦ https://t.co/RZZzcFs1jl","@cemkucuk55 Åu meÅŸhur yorumlarÄ± duymak iÃ§in mi hoÅŸuna gittiÄŸi iÃ§in mi tweet atÄ±yorsun Cem?
Bu sÃ¶zlerin Binde biri bâ€¦ https://t.co/RZZzcFs1jl"
Cem Ã‡Ä±nar - Bu NasÄ±l Sevgi https://t.co/B0HHRvXj1Z @YouTube aracÄ±lÄ±ÄŸÄ±yla,Cem Ã‡Ä±nar - Bu NasÄ±l Sevgi https://t.co/B0HHRvXj1Z @YouTube aracÄ±lÄ±ÄŸÄ±yla
"@jpdjs25 @say_cem Sana mi soracak ne yazip, cizecegini","@jpdjs25 @say_cem Sana mi soracak ne yazip, cizecegini"
@cemkucuk55 Vurdurdugun ignelerden olmasin kucuk Cem,@cemkucuk55 Vurdurdugun ignelerden olmasin kucuk Cem
@cemkucuk55 Aynen bendede var 3 gÃ¼ndÃ¼r Cem bey. Fransadan selamlar,@cemkucuk55 Aynen bendede var 3 gÃ¼ndÃ¼r Cem bey. Fransadan selamlar
@cemkucuk55 Doktorun Sedat Pekerâ€™e sor kÃ¼Ã§Ã¼k Cem! Seni iyi tedavi ediyor o,@cemkucuk55 Doktorun Sedat Pekerâ€™e sor kÃ¼Ã§Ã¼k Cem! Seni iyi tedavi ediyor o
@cemkucuk55 Ãœlkeyi uÃ§uruma gÃ¶tÃ¼renlere  verdiÄŸin desteÄŸin cezasÄ± olabilir mi cem bey ğŸ˜Š,@cemkucuk55 Ãœlkeyi uÃ§uruma gÃ¶tÃ¼renlere  verdiÄŸin desteÄŸin cezasÄ± olabilir mi cem bey ğŸ˜Š
"ahmet kaya
sagopa kajmer
kÃ¼Ã§Ã¼k cem
ferdi Ã¶zbeÄŸen https://t.co/mqg18Z1smS","ahmet kaya
sagopa kajmer
kÃ¼Ã§Ã¼k cem
ferdi Ã¶zbeÄŸen https://t.co/mqg18Z1smS"
@selcuksisman29 @kartalanalizcom SabahlarÄ± denk gelirsem cem dindarÄ± izlerim severek. Oradan kaynaklaniyordur TÃ¼rkiâ€¦ https://t.co/5P0cEl4sSH,@selcuksisman29 @kartalanalizcom SabahlarÄ± denk gelirsem cem dindarÄ± izlerim severek. Oradan kaynaklaniyordur TÃ¼rkiâ€¦ https://t.co/5P0cEl4sSH
@DerWahreCemo @arabmixkurde Cem yapma aga hahaha,@DerWahreCemo @arabmixkurde Cem yapma aga hahaha
"@cemkucuk55 AÅŸÄ±lardan Cem bey, yan etkileri. GeÃ§miÅŸ olsun","@cemkucuk55 AÅŸÄ±lardan Cem bey, yan etkileri. GeÃ§miÅŸ olsun"
@cemkucuk55 Covid-19  olmuÅŸsun Cem bey,@cemkucuk55 Covid-19  olmuÅŸsun Cem bey
@umitozdag 2021â€™den beri Cem Uzan Anayasa 101â€™e gÃ¶re ErdoÄŸanâ€™Ä±n bir daha aday olamayacaÄŸÄ±nÄ± sÃ¶ylÃ¼yor. Zafer Partisiâ€¦ https://t.co/ZXaNAXOoGp,@umitozdag 2021â€™den beri Cem Uzan Anayasa 101â€™e gÃ¶re ErdoÄŸanâ€™Ä±n bir daha aday olamayacaÄŸÄ±nÄ± sÃ¶ylÃ¼yor. Zafer Partisiâ€¦ https://t.co/ZXaNAXOoGp
@bpthaber Sadece show .. Suriyeliler hakkinda En mantikli en gercekci ve en samimi cevaplari veren Sn. Cem uzani teâ€¦ https://t.co/sHdju4VrCZ,@bpthaber Sadece show .. Suriyeliler hakkinda En mantikli en gercekci ve en samimi cevaplari veren Sn. Cem uzani teâ€¦ https://t.co/sHdju4VrCZ
"Cem Karaca TVâ€™da anlatmÄ±ÅŸtÄ±
Bakkala gitmiÅŸ, bakkalÄ±n Ã§Ä±raÄŸÄ±;
â€œOo! Cem abi! Abi hayranÄ±nÄ±m, bir plaÄŸÄ±nÄ± imzalayÄ±p veâ€¦ https://t.co/QiXtAUroLg","Cem Karaca TVâ€™da anlatmÄ±ÅŸtÄ±
Bakkala gitmiÅŸ, bakkalÄ±n Ã§Ä±raÄŸÄ±;
â€œOo! Cem abi! Abi hayranÄ±nÄ±m, bir plaÄŸÄ±nÄ± imzalayÄ±p veâ€¦ https://t.co/QiXtAUroLg"
@1965_cem Keyifli akÅŸamlar,@1965_cem Keyifli akÅŸamlar
@say_cem PadiÅŸahÄ± o duruma dÃ¼ÅŸÃ¼renlerin hiÃ§ mi suÃ§u yok! AyrÄ±ca bu durumda koltuÄŸunuz niye kabarÄ±yor onu da anlamÄ±ÅŸ deÄŸilim.,@say_cem PadiÅŸahÄ± o duruma dÃ¼ÅŸÃ¼renlerin hiÃ§ mi suÃ§u yok! AyrÄ±ca bu durumda koltuÄŸunuz niye kabarÄ±yor onu da anlamÄ±ÅŸ deÄŸilim.
"Ehzab-45- Ey PÃªxember! Bi rastÃ® me tu bi ÅŸahÃ®dÃ®, bi mizgÃ®nberÃ® Ã» bi hiÅŸyarkerÃ® hinartiyeâ€¦
46- Da ku bi destÃ»ra Xwedâ€¦ https://t.co/ldLa6PnaWw","Ehzab-45- Ey PÃªxember! Bi rastÃ® me tu bi ÅŸahÃ®dÃ®, bi mizgÃ®nberÃ® Ã» bi hiÅŸyarkerÃ® hinartiyeâ€¦
46- Da ku bi destÃ»ra Xwedâ€¦ https://t.co/ldLa6PnaWw"
"@tokcem Cem bey TÃ¼rk halkÄ± bunu anlamaz , onlara milliyetÃ§i sÃ¶ylemlerle Ã§oÅŸturmanÄ±z gerek o zaman el Ã¼stÃ¼nde tutuluâ€¦ https://t.co/kHVC4OOZ3K","@tokcem Cem bey TÃ¼rk halkÄ± bunu anlamaz , onlara milliyetÃ§i sÃ¶ylemlerle Ã§oÅŸturmanÄ±z gerek o zaman el Ã¼stÃ¼nde tutuluâ€¦ https://t.co/kHVC4OOZ3K"
"@pinarlic @lordsinov BÃ¶yle birine adam demiÅŸsiniz. 

Cem YÄ±lmaz'Ä±n olduÄŸu sÃ¶ylenen kÃ¼fÃ¼rlÃ¼ bir ses kaydÄ± vardÄ±(baÅŸtâ€¦ https://t.co/8uKeza9ZA0","@pinarlic @lordsinov BÃ¶yle birine adam demiÅŸsiniz. 

Cem YÄ±lmaz'Ä±n olduÄŸu sÃ¶ylenen kÃ¼fÃ¼rlÃ¼ bir ses kaydÄ± vardÄ±(baÅŸtâ€¦ https://t.co/8uKeza9ZA0"
@batutoros @tarihiimerak Cem Karaca rahmetli neredeydi? 6 Ocak 1983â€™te vatandaÅŸlÄ±ktan Ã§Ä±karÄ±lmadan Ã¶nce o da batÄ± Almanyaâ€™da yaÅŸÄ±yordu.,@batutoros @tarihiimerak Cem Karaca rahmetli neredeydi? 6 Ocak 1983â€™te vatandaÅŸlÄ±ktan Ã§Ä±karÄ±lmadan Ã¶nce o da batÄ± Almanyaâ€™da yaÅŸÄ±yordu.
@Burek88453349 @tarihiimerak Cem Karaca 6 Ocak 1983 tarihinde vatandaÅŸlÄ±ktan Ã§Ä±karÄ±ldÄ±. Kendisi dÃ¼ÅŸman mÄ±ydÄ±??,@Burek88453349 @tarihiimerak Cem Karaca 6 Ocak 1983 tarihinde vatandaÅŸlÄ±ktan Ã§Ä±karÄ±ldÄ±. Kendisi dÃ¼ÅŸman mÄ±ydÄ±??
@timotydexter @tarihiimerak Cem Karaca 6 Ocak 1983 tarihinde vatandaÅŸlÄ±ktan Ã§Ä±karÄ±ldÄ±. Kendisi dÃ¼ÅŸman mÄ±ydÄ±??,@timotydexter @tarihiimerak Cem Karaca 6 Ocak 1983 tarihinde vatandaÅŸlÄ±ktan Ã§Ä±karÄ±ldÄ±. Kendisi dÃ¼ÅŸman mÄ±ydÄ±??
@pin_trader Tabannn geliyor tabannn,@pin_trader Tabannn geliyor tabannn
RÃ¼yamda Fransaâ€™da Ã¼nlÃ¼ bir sanat galerisinden Cem YÄ±lmazâ€™a doÄŸum gÃ¼nÃ¼ hediyesi alÄ±yordum sonra evine gidiyorum onunâ€¦ https://t.co/WhrvbjhGpp,RÃ¼yamda Fransaâ€™da Ã¼nlÃ¼ bir sanat galerisinden Cem YÄ±lmazâ€™a doÄŸum gÃ¼nÃ¼ hediyesi alÄ±yordum sonra evine gidiyorum onunâ€¦ https://t.co/WhrvbjhGpp
"@SerkanYetkin @spormansettrt @trtspor Cem Dizdar yÄ±llardÄ±r anlatÄ±yor. Burda da anlatÄ±lmÄ±ÅŸ @atigoll 
Bilmem programdâ€¦ https://t.co/Rok691xkgF","@SerkanYetkin @spormansettrt @trtspor Cem Dizdar yÄ±llardÄ±r anlatÄ±yor. Burda da anlatÄ±lmÄ±ÅŸ @atigoll 
Bilmem programdâ€¦ https://t.co/Rok691xkgF"
@haskologlu GerekÃ§e neymiÅŸ?,@haskologlu GerekÃ§e neymiÅŸ?
@pin_trader Kesin kesin,@pin_trader Kesin kesin
@pin_trader 205.000 tavana gidiyoruz hocammğŸ™,@pin_trader 205.000 tavana gidiyoruz hocammğŸ™
@pin_trader Hocam dÃ¼nde kalmÄ±ÅŸÄ±m yoÄŸun calisinca kaÃ§Ä±rmÄ±ÅŸÄ±m tiviti ama tuttuyor bu yÃ¶ntem deneyelim hocamğŸ˜Š,@pin_trader Hocam dÃ¼nde kalmÄ±ÅŸÄ±m yoÄŸun calisinca kaÃ§Ä±rmÄ±ÅŸÄ±m tiviti ama tuttuyor bu yÃ¶ntem deneyelim hocamğŸ˜Š
@pin_trader Hocam dÃ¼n iki tane tavan olacak hisse buldum dedin sasa ve hektas ikiside bugÃ¼n taban hocam sen asuzuyaâ€¦ https://t.co/WG1NvInE3x,@pin_trader Hocam dÃ¼n iki tane tavan olacak hisse buldum dedin sasa ve hektas ikiside bugÃ¼n taban hocam sen asuzuyaâ€¦ https://t.co/WG1NvInE3x
@cem_bolat_ @sukruyildiz05 @karanliktarih YukarÄ±daki yazÄ± da kaynak belirtilmiÅŸ. Senin kaynaÄŸÄ±n ne?,@cem_bolat_ @sukruyildiz05 @karanliktarih YukarÄ±daki yazÄ± da kaynak belirtilmiÅŸ. Senin kaynaÄŸÄ±n ne?
@cemkucuk55 Cem kÃ¼cÃ¼k pek kÃ¼cÃ¼k...,@cemkucuk55 Cem kÃ¼cÃ¼k pek kÃ¼cÃ¼k...
"@mmertaydin @MeteAktas76 @Twitter BazÄ± espirilerinizi Cem YÄ±lmaz'a benzetiyorum
:))","@mmertaydin @MeteAktas76 @Twitter BazÄ± espirilerinizi Cem YÄ±lmaz'a benzetiyorum
:))"
@songurulus 5252.75 kapatmadÄ±k mÄ±?,@songurulus 5252.75 kapatmadÄ±k mÄ±?
Neyse Cem abi KÃ¼l ÅŸarkÄ±sÄ±nÄ± sÃ¶ylerken Okan Buruk'un elinde kalkan ÅŸampiyonluk kupasÄ±nÄ± hayal edip aÄŸlayayÄ±m bir turâ€¦ https://t.co/k0Oq5GVGTc,Neyse Cem abi KÃ¼l ÅŸarkÄ±sÄ±nÄ± sÃ¶ylerken Okan Buruk'un elinde kalkan ÅŸampiyonluk kupasÄ±nÄ± hayal edip aÄŸlayayÄ±m bir turâ€¦ https://t.co/k0Oq5GVGTc
"Cem Adrian konserine bilet aldÄ±m ama Cem Adrian umrumda deÄŸil, anlatabiliyor muyum?","Cem Adrian konserine bilet aldÄ±m ama Cem Adrian umrumda deÄŸil, anlatabiliyor muyum?"
@xmjkk 38 yaÅŸÄ±ndayÄ±m ve Ã§ocukken favori dizimizdi. Hatta bu Pontiacâ€™Ä±n TR rakibi Opet reklamÄ±nda oynayan Cem YÄ±lmazâ€¦ https://t.co/inJJFSHLux,@xmjkk 38 yaÅŸÄ±ndayÄ±m ve Ã§ocukken favori dizimizdi. Hatta bu Pontiacâ€™Ä±n TR rakibi Opet reklamÄ±nda oynayan Cem YÄ±lmazâ€¦ https://t.co/inJJFSHLux
cem yilmaz yuzunden bir nesil â€œshallâ€ kullanamiyor,cem yilmaz yuzunden bir nesil â€œshallâ€ kullanamiyor
@omerfrkny @gunsazak388 @alitekintr Cem YÄ±lmaz diyordu ya bu senle benle aynÄ± havayÄ± soluyor ama iÃ§erde artÄ±k ona ne yapÄ±yorsa,@omerfrkny @gunsazak388 @alitekintr Cem YÄ±lmaz diyordu ya bu senle benle aynÄ± havayÄ± soluyor ama iÃ§erde artÄ±k ona ne yapÄ±yorsa
@OzgunOzy Cem YILMAZ'Ä±n uÅŸak bahÃ§Ä±van muhabbeti gibi.,@OzgunOzy Cem YILMAZ'Ä±n uÅŸak bahÃ§Ä±van muhabbeti gibi.
@lordragnarinho @Resat_ozbudakk AÅŸk olsun cem peki ben ğŸ¥º,@lordragnarinho @Resat_ozbudakk AÅŸk olsun cem peki ben ğŸ¥º
@PesindeyizApp Mert mÃ¼ldÃ¼r gel bizi gÃ¼ldÃ¼r,@PesindeyizApp Mert mÃ¼ldÃ¼r gel bizi gÃ¼ldÃ¼r
@podoss35 Cem duayla baÅŸlayÄ±p kÃ¼fÃ¼rle bitirmek sadece sana Ã¶zel diye dÃ¼ÅŸÃ¼nÃ¼yorum artÄ±k (geÃ§miÅŸ olsun baÅŸkaaan),@podoss35 Cem duayla baÅŸlayÄ±p kÃ¼fÃ¼rle bitirmek sadece sana Ã¶zel diye dÃ¼ÅŸÃ¼nÃ¼yorum artÄ±k (geÃ§miÅŸ olsun baÅŸkaaan)
@tokcem Cem Toker Ankaraâ€™da Amerikan istihbaratÄ± ile Rus istihbaratlarÄ± biraya geliyor ve aynÄ± anda Ä°stanbulâ€™da bomâ€¦ https://t.co/a1PnL4j4i3,@tokcem Cem Toker Ankaraâ€™da Amerikan istihbaratÄ± ile Rus istihbaratlarÄ± biraya geliyor ve aynÄ± anda Ä°stanbulâ€™da bomâ€¦ https://t.co/a1PnL4j4i3
Cem Uzan mÄ±sÄ±n amk oÄŸlu https://t.co/rZKTPt0as1,Cem Uzan mÄ±sÄ±n amk oÄŸlu https://t.co/rZKTPt0as1
â€œmertedeâ€ yazan biriyle bu kadar evli kalmak bile basari olabilirğŸ˜‚ğŸ˜‚ https://t.co/wLkHh6f1R6,â€œmertedeâ€ yazan biriyle bu kadar evli kalmak bile basari olabilirğŸ˜‚ğŸ˜‚ https://t.co/wLkHh6f1R6
@burcincigerim Gel Arjantin sevdani Messi ile birlestirelim diyorum sanağŸ˜ğŸ˜,@burcincigerim Gel Arjantin sevdani Messi ile birlestirelim diyorum sanağŸ˜ğŸ˜
"@cemkucuk55 kÃ¼Ã§Ã¼kcÃ¼k cem kiÅŸisi, demek ki hiÃ§ inandÄ±rÄ±cÄ±lÄ±ÄŸÄ±nÄ±z kalmamÄ±ÅŸ. 2015'te de olduydu ya hani, Gar ve BeÅŸiktâ€¦ https://t.co/69sdB4nVHO","@cemkucuk55 kÃ¼Ã§Ã¼kcÃ¼k cem kiÅŸisi, demek ki hiÃ§ inandÄ±rÄ±cÄ±lÄ±ÄŸÄ±nÄ±z kalmamÄ±ÅŸ. 2015'te de olduydu ya hani, Gar ve BeÅŸiktâ€¦ https://t.co/69sdB4nVHO"
"@acun_karadag @cemkucuk55 Olayin failinin MIT, MHP, RTE, derin devlet oldugunu kÃ¼cÃ¼k cem de biliyor, sÃ¼slÃ¼ sÃ¼lÃ¼ de.","@acun_karadag @cemkucuk55 Olayin failinin MIT, MHP, RTE, derin devlet oldugunu kÃ¼cÃ¼k cem de biliyor, sÃ¼slÃ¼ sÃ¼lÃ¼ de."
@cemkucuk55 Cem KÃ¼Ã§Ã¼k deÄŸil Cem Soylu sÃ¶ylÃ¼yor bunu,@cemkucuk55 Cem KÃ¼Ã§Ã¼k deÄŸil Cem Soylu sÃ¶ylÃ¼yor bunu
"@cemkucuk55 Hemen baÅŸladÄ±n yine insanlarÄ± ayÄ±rmaya, yok PKK, yok o,yok bu,bilmem ne,insan baÅŸkalarÄ±nÄ± kendisi gibiâ€¦ https://t.co/7uXjrcULxF","@cemkucuk55 Hemen baÅŸladÄ±n yine insanlarÄ± ayÄ±rmaya, yok PKK, yok o,yok bu,bilmem ne,insan baÅŸkalarÄ±nÄ± kendisi gibiâ€¦ https://t.co/7uXjrcULxF"
